{
    "landScheme":VANILLA,
    "tempScheme":MEDIUM_ZONES,
    "rainScheme":MEDIUM_ZONES,
    "biomeSize":MEDIUM,
    "amplitude":1.0F,
    "generateBopOre":false,
    "generateBopSoils":true,
    "generateBopTrees":false,
    "generateBopFoliage":false,
    "generateBopFlowers":false,
    "generateBopPlants":false,
    "generateBopWaterPlants":false,
    "generateBopMushrooms":false,
    "generateRockFormations":true,
    "generatePoisonIvy":true,
    "generateFlax":true,
    "generateBerryBushes":false,
    "generateThorns":true,
    "generateQuicksand":true,
    "generateLiquidPoison":true,
    "generateHotSprings":false,
    "generateNetherHives":false,
    "generateNetherPlants":false,
    "generateEndFeatures":false
}