[
  {
    "dimension": -1,
    "ores": [
      {
        "block": "basemetals:coldiron_ore",
        "size": 8,
        "variation": 4,
        "frequency": 0,
        "min_height": 0,
        "max_height": 128
      },
      {
        "block": "basemetals:adamantine_ore",
        "size": 8,
        "variation": 4,
        "frequency": 0,
        "min_height": 0,
        "max_height": 128
      }
    ]
  },
  {
    "dimension": 1,
    "ores": [
      {
        "block": "basemetals:starsteel_ore",
        "size": 8,
        "variation": 4,
        "frequency": 0,
        "min_height": 0,
        "max_height": 255
      }
    ]
  },
  {
    "ores": [
      {
        "block": "basemetals:copper_ore",
        "size": 8,
        "variation": 4,
        "frequency": 0,
        "min_height": 0,
        "max_height": 96
      },
      {
        "block": "basemetals:silver_ore",
        "size": 8,
        "variation": 4,
        "frequency": 0,
        "min_height": 0,
        "max_height": 32
      },
      {
        "block": "basemetals:tin_ore",
        "size": 8,
        "variation": 4,
        "frequency": 0,
        "min_height": 0,
        "max_height": 128
      },
      {
        "block": "basemetals:lead_ore",
        "size": 8,
        "variation": 4,
        "frequency": 0,
        "min_height": 0,
        "max_height": 64
      },
      {
        "block": "basemetals:zinc_ore",
        "size": 8,
        "variation": 4,
        "frequency": 0,
        "min_height": 0,
        "max_height": 96
      },
      {
        "block": "basemetals:mercury_ore",
        "size": 8,
        "variation": 4,
        "frequency": 0,
        "min_height": 0,
        "max_height": 32
      },
      {
        "block": "basemetals:nickel_ore",
        "size": 8,
        "variation": 4,
        "frequency": 0,
        "min_height": 32,
        "max_height": 96
      },
      {
        "block": "basemetals:platinum_ore",
        "size": 8,
        "variation": 4,
        "frequency": 0,
        "min_height": 1,
        "max_height": 32
      }
    ]
  }
]