[{"name":"Awful","colour":"GRAY","weights":[50,10,5,0,0],"groups":[{"id":"45788ce7-fc7c-4b19-82df-8d91125e0acb","name":"So Cool","limit":1,"items":[{"id":"voxels:shades","nbt":"{monMsg:2,ENABLED:1b,RARITY:1}"}]},{"id":"e6577bfe-82e6-405c-8381-db195ba8b199","name":"Carrot on a Stick","limit":1,"items":[{"id":"minecraft:carrot_on_a_stick"}]},{"id":"843fd3cf-6db7-49d0-a58d-2fc46812c204","name":"Get Educated","limit":1,"items":[{"id":"minecraft:bookshelf","amount":16}]},{"id":"321c85e6-1f78-4fcf-af12-304133858614","name":"Eat These Up!","limit":1,"items":[{"id":"hardcorequesting:hearts","damage":4,"amount":5}]},{"id":"2b64f74f-4d59-47f2-920a-bf4a66fe2d84","name":"99 Rolls of Duct Tape!","limit":1,"items":[{"id":"dungeontactics:ducttape","amount":99}]},{"id":"905bb7e0-60e1-4d67-9985-290ff72856c5","name":"Have Some Useless Dirt!","limit":1,"items":[{"id":"minecraft:dirt"},{"id":"minecraft:dirt","damage":1},{"id":"biomesoplenty:dirt","damage":8},{"id":"biomesoplenty:dirt"},{"id":"biomesoplenty:dirt","damage":9},{"id":"biomesoplenty:dirt","damage":1},{"id":"biomesoplenty:dirt","damage":10},{"id":"biomesoplenty:dirt","damage":2},{"id":"earthworks:item_dirt"}]},{"id":"f8847691-729c-4457-a89c-886e633a2760","name":"Cauliflower! So Tasty!","limit":2,"items":[{"id":"harvestcraft:cauliflowerItem","amount":5}]},{"id":"21afa568-ed50-4243-9e40-c9395aa479f1","name":"Useful Bottles!","limit":1,"items":[{"id":"littlelooter:empty_bottle","amount":5000}]},{"id":"e80436e5-15da-40f0-853a-5cbcc0d681bf","name":"lul","limit":1,"items":[{"id":"minecraft:wooden_sword","nbt":"{ENABLED:1b,RARITY:2}"}]},{"id":"503bf44a-74b0-43b1-af85-290f0585dac3","name":"Flower Girl!","limit":1,"items":[{"id":"biomesoplenty:flower_basket","nbt":"{BasketOpen:0b}"}]}]},{"name":"Kind of Good","colour":"GREEN","weights":[10,50,10,1,0],"groups":[{"id":"954dd5ea-ca97-4ff1-9632-8b0ece3670d2","name":"Copper Gear","limit":1,"items":[{"id":"basemetals:copper_helmet","nbt":"{ENABLED:1b,RARITY:4}"},{"id":"basemetals:copper_chestplate","nbt":"{ENABLED:1b,RARITY:3}"},{"id":"basemetals:copper_leggings","nbt":"{ENABLED:1b,RARITY:3}"},{"id":"basemetals:copper_boots","nbt":"{ENABLED:1b,RARITY:1}"}]},{"id":"564ce4bb-830e-4de6-be86-9c8d0fbc0d71","name":"Praise Chorus","limit":2,"items":[{"id":"minecraft:chorus_flower","amount":5}]},{"id":"add362b6-a44b-4651-938d-9ebd7d0d9b36","name":"Mr. Fancy!","limit":1,"items":[{"id":"voxels:monocle","nbt":"{monMsg:11,ENABLED:1b,RARITY:1}"}]},{"id":"d244fd1d-fec1-4b03-b47c-c39b56476faa","name":"Dirt Flinger!","limit":1,"items":[{"id":"dirt_flinger:dirt_flinger"}]},{"id":"1dbd3eab-6307-438a-98ee-5600d4a92d48","name":"Trash","limit":1,"items":[{"id":"extrautils2:trashcan"}]},{"id":"146c2ba8-ee1d-45f7-8280-2c64503e5ade","name":"Sharp Steel","limit":2,"items":[]}]},{"name":"Medium","colour":"BLUE","weights":[1,10,50,10,1],"groups":[{"id":"e545b5f2-9072-4ae6-9e47-5e77dddc79cd","name":"Poison Tipped","limit":1,"items":[{"id":"minecraft:tipped_arrow","amount":64,"nbt":"{Potion:\"minecraft:long_poison\"}"}]},{"id":"7bf71d39-8d88-4f3a-8941-0955aa283fb2","name":"Have Some Ladders!","limit":1,"items":[{"id":"literalascension:minecraft/oak_stepladder"},{"id":"literalascension:biomesoplenty/palm_stepladder"},{"id":"literalascension:biomesoplenty/cherry_stepladder"},{"id":"literalascension:biomesoplenty/jacaranda_stepladder"},{"id":"literalascension:biomesoplenty/fir_stepladder"}]},{"id":"60deacc1-0a10-4395-bfc8-7fcf6cc2f88e","name":"Copper Shield!","limit":1,"items":[{"id":"spartanshields:shield_basic_copper"}]},{"id":"989ba667-3ee7-4109-a182-a96fe08a3698","name":"Enchanting","limit":1,"items":[{"id":"minecraft:enchanting_table"}]},{"id":"8637c6c6-cb68-4a00-a1d6-e3c31b84ac61","name":"Health Packs","limit":0,"items":[{"id":"roughtweaks:medikitEnchanted"},{"id":"roughtweaks:medikit"}]},{"id":"85a4e611-5ed4-468f-9564-85038d2d81de","name":"Blown Away!","limit":1,"items":[{"id":"actuallyadditions:itemLeafBlower"}]}]},{"name":"Greater","colour":"ORANGE","weights":[0,1,10,50,10],"groups":[{"id":"57f73fdf-257d-4878-b571-dbef52d2a4f1","name":"Grow Some Pearls","limit":0,"items":[{"id":"extrautils2:enderlilly","amount":5}]},{"id":"fbb2b980-8b68-4317-8f8f-6b03ca3437a3","name":"Here\u0027s Johnny!","limit":1,"items":[{"id":"voxels:special_axe_murderous"}]},{"id":"9b57cd0b-17de-47ee-8c16-5a114dd879d9","name":"Air Drops Gallore!","limit":2,"items":[{"id":"air_support:crate_drop_remote","amount":4},{"id":"air_support:medical_crate_drop_remote","amount":4}]},{"id":"c13a01a6-a2d1-421f-9474-52f8e4990afb","name":"Steel Shield! Steel Shield!","limit":2,"items":[{"id":"spartanshields:shield_basic_steel"}]},{"id":"3adc2936-ad11-4f88-ad51-58e39b9153d0","name":"Drone Disruptors","limit":2,"items":[{"id":"drones:drone_disruptor","amount":5}]},{"id":"f8275351-9cd9-4d40-80f2-5a5c222ad9ac","name":"Whoa! Regen!","limit":1,"items":[{"id":"minecraft:golden_apple","damage":1}]},{"id":"ea1fe0b9-4959-46e4-8fc9-96113075fa1a","name":"Awesome Sword!","limit":1,"items":[{"id":"extrautils2:lawsword","nbt":"{ENABLED:1b,RARITY:2}"}]},{"id":"e1fdf37e-a32a-42c6-aa3d-18f7a9914652","name":"Sickle!","limit":2,"items":[{"id":"extrautils2:sickle_diamond"}]},{"id":"be626091-2756-4bee-a81f-28893c852ee2","name":"Nether Things","limit":2,"items":[{"id":"minecraft:blaze_rod"},{"id":"minecraft:blaze_powder","amount":5},{"id":"minecraft:magma_cream","amount":5},{"id":"minecraft:ghast_tear","amount":2}]},{"id":"1e27e7e3-64d9-4ef6-a0df-75f8323959c6","name":"Drumer Boy!","limit":0,"items":[{"id":"extrautils2:drum","damage":2},{"id":"extrautils2:drum"},{"id":"extrautils2:drum","damage":3},{"id":"extrautils2:drum","damage":1}]},{"id":"eb592047-19e4-458c-b83b-029038ba043d","name":"Suit of Armor!","limit":2,"items":[{"id":"basemetals:bronze_helmet","nbt":"{ENABLED:1b,RARITY:3}"},{"id":"basemetals:bronze_chestplate","nbt":"{ENABLED:1b,RARITY:2}"},{"id":"basemetals:bronze_leggings","nbt":"{ENABLED:1b,RARITY:3}"},{"id":"basemetals:bronze_boots","nbt":"{ENABLED:1b,RARITY:4}"}]},{"id":"ded0b7a2-2616-4b66-b10b-6aa28caa9f78","name":"Teleport to Your Death","limit":1,"items":[{"id":"actuallyadditions:itemTeleStaff","nbt":"{Energy:500000}"}]}]},{"name":"Wow!","colour":"MAGENTA","weights":[0,0,1,10,50],"groups":[{"id":"a630fbdd-49b4-4f37-b0dc-5b930ba9bf61","name":"GG!","limit":1,"items":[{"id":"enderio:darkSteel_helmet","nbt":"{enderio.darksteel.upgrade.soundDetector:{upgradeItem:{id:\"minecraft:noteblock\",Count:1b,Damage:0s},level_cost:10,unlocalized_name:\"enderio.darksteel.upgrade.sound\"},enderio.darksteel.upgrade.energyUpgrade:{energyUpgradeLevel:3,upgradeItem:{id:\"enderio:itemBasicCapacitor\",Count:1b,Damage:2s},maxOuput:10000,level_cost:20,unlocalized_name:\"enderio.darksteel.upgrade.empowered_four\",maxInput:10000,capacity:1000000,energy:1000000},enderio.darksteel.upgrade.nightVision:{upgradeItem:{id:\"minecraft:potion\",Count:1b,tag:{Potion:\"minecraft:night_vision\"},Damage:0s},level_cost:10,unlocalized_name:\"enderio.darksteel.upgrade.nightVision\"},enderio.darksteel.upgrade.solar:{level:3b,upgradeItem:{id:\"enderio:blockSolarPanel\",Count:1b,Damage:2s},level_cost:40,unlocalized_name:\"enderio.darksteel.upgrade.solar_three\"},ENABLED:1b,RARITY:1}"},{"id":"enderio:darkSteel_chestplate","nbt":"{enderio.darksteel.upgrade.energyUpgrade:{energyUpgradeLevel:3,upgradeItem:{id:\"enderio:itemBasicCapacitor\",Count:1b,Damage:2s},maxOuput:10000,level_cost:20,unlocalized_name:\"enderio.darksteel.upgrade.empowered_four\",maxInput:10000,capacity:1000000,energy:1000000},enderio.darksteel.upgrade.glide:{upgradeItem:{id:\"enderio:itemGliderWing\",Count:1b,Damage:1s},level_cost:10,unlocalized_name:\"enderio.darksteel.upgrade.glider\"},ENABLED:1b,RARITY:2}"},{"id":"enderio:darkSteel_leggings","nbt":"{enderio.darksteel.upgrade.energyUpgrade:{energyUpgradeLevel:3,upgradeItem:{id:\"enderio:itemBasicCapacitor\",Count:1b,Damage:2s},maxOuput:10000,level_cost:20,unlocalized_name:\"enderio.darksteel.upgrade.empowered_four\",maxInput:10000,capacity:1000000,energy:1000000},ENABLED:1b,RARITY:1,enderio.darksteel.upgrade.speedBoost:{level:3s,upgradeItem:{id:\"minecraft:potion\",Count:1b,tag:{Potion:\"minecraft:long_swiftness\"},Damage:0s},multiplier:0.0f,level_cost:20,unlocalized_name:\"enderio.darksteel.upgrade.speed_three\"}}"},{"id":"enderio:darkSteel_boots","nbt":"{enderio.darksteel.upgrade.jumpBoost:{level:3s,upgradeItem:{id:\"minecraft:piston\",Count:1b,Damage:0s},level_cost:20,unlocalized_name:\"enderio.darksteel.upgrade.jump_three\"},enderio.darksteel.upgrade.swim:{upgradeItem:{id:\"minecraft:waterlily\",Count:1b,Damage:0s},level_cost:10,unlocalized_name:\"enderio.darksteel.upgrade.swim\"},enderio.darksteel.upgrade.energyUpgrade:{energyUpgradeLevel:3,upgradeItem:{id:\"enderio:itemBasicCapacitor\",Count:1b,Damage:2s},maxOuput:10000,level_cost:20,unlocalized_name:\"enderio.darksteel.upgrade.empowered_four\",maxInput:10000,capacity:1000000,energy:1000000},ENABLED:1b,RARITY:2}"}]},{"id":"2afc95e6-eaae-44d7-8540-057708810ecb","name":"Starry Eyed!","limit":1,"items":[{"id":"hardcorewither:starrySword","nbt":"{ENABLED:1b,RARITY:4}"}]},{"id":"91c64d70-0ead-45f0-bbdd-f16f1a200d44","name":"All in One!","limit":1,"items":[{"id":"actuallyadditions:itemPaxelCrystalGreen"}]},{"id":"8e4fe244-a6b0-437a-b924-066d1b67550f","name":"5 Lives!","limit":1,"items":[{"id":"hardcorequesting:hearts","damage":3,"amount":5}]}]}]