{
 "0": "minecraft:iron_ingot",
 "1": "minecraft:gold_block",
 "2": "minecraft:planks",
 "3": "minecraft:planks#1",
 "4": "minecraft:planks#2",
 "5": "minecraft:dye#2",
 "6": "minecraft:dye#7",
 "7": "minecraft:iron_sword",
 "8": "InventoryPets:petSheep",
 "9": "InventoryPets:petBlackHole",
 "10": "minecraft:dirt",
 "11": "minecraft:dirt",
 "12": "minecraft:dirt",
 "13": "minecraft:dirt",
 "14": "minecraft:dirt",
 "15": "minecraft:dirt",
 "16": "minecraft:dirt",
 "17": "minecraft:dirt",
 "18": "minecraft:dirt",
 "19": "minecraft:dirt",
 "20": "minecraft:dirt",
 "21": "minecraft:dirt",
 "22": "minecraft:dirt",
 "23": "minecraft:dirt",
 "24": "minecraft:dirt",
 "25": "minecraft:dirt",
 "26": "minecraft:dirt"
}