{
  "name": "Blast Off!",
  "description": "Time to leave this forsaken planet!",
  "quests": [
    {
      "uuid": "290c9ace-7888-4cdf-8b37-023b1affa834",
      "name": "Breaking Down H2O",
      "description": "You\u0027re going to need a system to create Rocket Fuel. The Electrolyser will separate water in Hydrogen and Oxygen which is needed for the Chemical Reactor Machine.",
      "x": 97,
      "y": 115,
      "icon": {
        "id": "advancedrocketry:planetSelector"
      },
      "prerequisites": [
        "0803cfcd-b04e-419b-8f2a-82f3874f2148"
      ],
      "trigger": "ANTI_TRIGGER",
      "tasks": [
        {
          "type": "CRAFT",
          "items": [
            {
              "item": {
                "id": "advancedrocketry:electrolyser"
              }
            }
          ]
        }
      ],
      "reward": [
        {
          "id": "libvulpes:hatch",
          "damage": 2
        },
        {
          "id": "libvulpes:hatch",
          "damage": 3
        }
      ],
      "commandrewards": []
    },
    {
      "uuid": "f5e8d98b-f59c-407d-8df8-dcc1161046a0",
      "name": "Rocket Surgery",
      "description": "On your launchpad, place your Thrusters, Fuel Tanks, Guidance Computer, Seat,and item storage. Make sure your Structural Tower is the proper height and not shorter than your rocket. Next, build your rocket using the Rocket Assembling Machine. After your rocket is built, shift right-click on your rocket and insert the Planetary Chip into the Guidance Computer. Next, push the \"Select DST\" button to set your destination to \"Luna\". Fuel your rocket,  get on the seat on launch!",
      "x": 99,
      "y": 9,
      "icon": {
        "id": "advancedrocketry:fuelTank"
      },
      "prerequisites": [
        "86dce4ae-10f5-44bc-94b9-9f0e1c61960d"
      ],
      "trigger": "ANTI_TRIGGER",
      "tasks": [
        {
          "type": "DETECT",
          "items": [
            {
              "item": {
                "id": "advancedrocketry:rocketmotor"
              },
              "required": 5
            },
            {
              "item": {
                "id": "advancedrocketry:fuelTank"
              },
              "required": 10
            },
            {
              "item": {
                "id": "advancedrocketry:seat"
              }
            },
            {
              "item": {
                "id": "advancedrocketry:guidanceComputer"
              }
            }
          ]
        }
      ],
      "reward": [
        {
          "id": "advancedrocketry:planetIdChip"
        },
        {
          "id": "advancedrocketry:fuelTank",
          "amount": 10
        }
      ],
      "commandrewards": []
    },
    {
      "uuid": "d05b3ca2-4f34-4dc1-9cea-54855b03b068",
      "name": "Suit Up",
      "description": "You won\u0027t be able to last very long in space without a proper space suit. Craft one together and suit up for your mission outta this place!",
      "x": 49,
      "y": 62,
      "icon": {
        "id": "advancedrocketry:spaceHelmet",
        "nbt": "{ENABLED:1b,RARITY:1}"
      },
      "prerequisites": [
        "02dcf0f3-d66a-4b01-bb43-77d30cfbc8ae"
      ],
      "trigger": "ANTI_TRIGGER",
      "tasks": [
        {
          "type": "CRAFT",
          "items": [
            {
              "item": {
                "id": "advancedrocketry:spaceHelmet",
                "nbt": "{size:4,outputItems:[0:{Slot:0b,id:\"advancedrocketry:atmAnalyser\",Count:1b,Damage:0s},1:{Slot:1b,id:\"advancedrocketry:itemUpgrade\",Count:1b,Damage:4s}],ENABLED:1b,RARITY:1}"
              }
            },
            {
              "item": {
                "id": "advancedrocketry:spaceChestplate",
                "nbt": "{size:4,outputItems:[0:{Slot:0b,id:\"advancedrocketry:jetPack\",Count:1b,Damage:0s},1:{Slot:1b,id:\"advancedrocketry:pressureTank\",Count:1b,tag:{FluidName:\"oxygen\",Amount:8000},Damage:3s}],ENABLED:1b,air:36000,RARITY:1}"
              }
            },
            {
              "item": {
                "id": "advancedrocketry:spaceLeggings",
                "nbt": "{ENABLED:1b,RARITY:1}"
              }
            },
            {
              "item": {
                "id": "advancedrocketry:spaceBoots",
                "nbt": "{ENABLED:1b,RARITY:1}"
              }
            }
          ]
        }
      ],
      "reward": [
        {
          "id": "advancedrocketry:atmAnalyser"
        }
      ],
      "commandrewards": []
    },
    {
      "uuid": "ba097a9f-7f96-4e3b-87b5-c64837102cfe",
      "name": "Top Off The Tanks",
      "description": "Once you have your suit equipped and tanks for oxygen, use the Gas Charging Pad to directly transfer oxygen from your storage tanks into your suit.",
      "x": 73,
      "y": 36,
      "icon": {
        "id": "advancedrocketry:oxygenCharger"
      },
      "prerequisites": [
        "97ae2471-334f-45b7-bf78-5a398003f6fb",
        "65406e75-2bb5-4e6b-9230-d3a6eaf0c081",
        "d05b3ca2-4f34-4dc1-9cea-54855b03b068"
      ],
      "trigger": "ANTI_TRIGGER",
      "tasks": [
        {
          "type": "CRAFT",
          "items": [
            {
              "item": {
                "id": "advancedrocketry:oxygenCharger"
              }
            }
          ]
        }
      ],
      "reward": [
        {
          "id": "advancedrocketry:pressureTank",
          "damage": 1
        },
        {
          "id": "advancedrocketry:bucketOxygen",
          "amount": 4
        },
        {
          "id": "libvulpes:productingot",
          "damage": 7,
          "amount": 32
        }
      ],
      "rewardchoice": [
        {
          "id": "hardcorequesting:hearts"
        },
        {
          "id": "dungeontactics:heart_golden"
        },
        {
          "id": "minecraft:experience_bottle",
          "amount": 8
        }
      ],
      "commandrewards": []
    },
    {
      "uuid": "521db4d7-6b8d-425f-b92c-24ce90ca8f46",
      "name": "Ticket To The Skies",
      "description": "After much consideration, getting off this planet might be a better idea. Maybe you can find a better home somewhere else! You\u0027ll first need to pull your Holo-Projector back out to begin planning out your new spaceport. ",
      "x": 73,
      "y": 193,
      "icon": {
        "id": "libvulpes:holoProjector"
      },
      "prerequisites": [
        "47864566-a313-4020-9d1d-4ca4b106a42c"
      ],
      "trigger": "ANTI_TRIGGER",
      "tasks": [
        {
          "type": "DETECT",
          "items": [
            {
              "item": {
                "id": "libvulpes:holoProjector"
              }
            }
          ]
        }
      ],
      "reward": [
        {
          "id": "libvulpes:eliteMotor"
        }
      ],
      "rewardchoice": [
        {
          "id": "hardcorequesting:hearts"
        },
        {
          "id": "dungeontactics:heart_golden"
        },
        {
          "id": "minecraft:experience_bottle",
          "amount": 16
        }
      ],
      "commandrewards": []
    },
    {
      "uuid": "6eda8edf-3ff2-4240-a71b-b5344298fb68",
      "name": "Fill Her Up!",
      "description": "The Fueling Station is the machine necessary to fuel your rockets on the launchpad.",
      "x": 73,
      "y": 115,
      "icon": {
        "id": "advancedrocketry:fuelingStation"
      },
      "prerequisites": [
        "0803cfcd-b04e-419b-8f2a-82f3874f2148"
      ],
      "trigger": "ANTI_TRIGGER",
      "tasks": [
        {
          "type": "CRAFT",
          "items": [
            {
              "item": {
                "id": "advancedrocketry:fuelingStation"
              }
            }
          ]
        }
      ],
      "reward": [
        {
          "id": "enderio:blockTank"
        }
      ],
      "commandrewards": []
    },
    {
      "uuid": "79001369-3881-472b-a7dc-00eeaef63a07",
      "name": "Precise Assembly",
      "description": "Some of the items you\u0027ll need to get your space program running aren\u0027t able to be crafted by hand. The Precision Assembler will be your first step in crafting the smaller, complex materials.",
      "x": 73,
      "y": 167,
      "icon": {
        "id": "advancedrocketry:precisionassemblingmachine"
      },
      "prerequisites": [
        "521db4d7-6b8d-425f-b92c-24ce90ca8f46"
      ],
      "trigger": "ANTI_TRIGGER",
      "tasks": [
        {
          "type": "CRAFT",
          "items": [
            {
              "item": {
                "id": "advancedrocketry:precisionassemblingmachine"
              }
            },
            {
              "item": {
                "id": "libvulpes:forgePowerInput"
              }
            },
            {
              "item": {
                "id": "libvulpes:structureMachine"
              }
            },
            {
              "item": {
                "id": "libvulpes:coil0",
                "damage": 4
              }
            }
          ]
        }
      ],
      "reward": [
        {
          "id": "libvulpes:hatch"
        },
        {
          "id": "libvulpes:hatch",
          "damage": 1
        }
      ],
      "commandrewards": []
    },
    {
      "uuid": "97ae2471-334f-45b7-bf78-5a398003f6fb",
      "name": "Suit Upgrades",
      "description": "Use the Suit Workstation to upgrade and monitor the information on your space suit. You\u0027ll need to insert tanks of oxygen to be able to breathe while in space.",
      "x": 97,
      "y": 63,
      "icon": {
        "id": "advancedrocketry:suitWorkStation"
      },
      "prerequisites": [
        "02dcf0f3-d66a-4b01-bb43-77d30cfbc8ae"
      ],
      "trigger": "ANTI_TRIGGER",
      "tasks": [
        {
          "type": "CRAFT",
          "items": [
            {
              "item": {
                "id": "advancedrocketry:suitWorkStation"
              }
            }
          ]
        }
      ],
      "reward": [
        {
          "id": "advancedrocketry:pressureTank",
          "damage": 1
        }
      ],
      "commandrewards": []
    },
    {
      "uuid": "02dcf0f3-d66a-4b01-bb43-77d30cfbc8ae",
      "name": "Fueled Up And Ready!",
      "description": "Collect a large quantity of Rocket Fuel to prepare yourself for take-off!",
      "x": 73,
      "y": 89,
      "icon": {
        "id": "advancedrocketry:bucketRocketFuel"
      },
      "prerequisites": [
        "0cc84d2e-99ce-4b18-b646-147f5956b4a2",
        "6eda8edf-3ff2-4240-a71b-b5344298fb68",
        "290c9ace-7888-4cdf-8b37-023b1affa834"
      ],
      "trigger": "ANTI_TRIGGER",
      "tasks": [
        {
          "type": "DETECT",
          "items": [
            {
              "item": {
                "id": "advancedrocketry:bucketRocketFuel"
              },
              "required": 16
            }
          ]
        }
      ],
      "reward": [
        {
          "id": "advancedrocketry:bucketRocketFuel",
          "amount": 8
        }
      ],
      "rewardchoice": [
        {
          "id": "hardcorequesting:hearts"
        },
        {
          "id": "dungeontactics:heart_golden"
        },
        {
          "id": "minecraft:experience_bottle",
          "amount": 8
        }
      ],
      "commandrewards": []
    },
    {
      "uuid": "0cc84d2e-99ce-4b18-b646-147f5956b4a2",
      "name": "Chemical Reactions",
      "description": "The Chemical Reactor Takes Hydrogen and Oxygen and creates Rocket Fuel. This is needed to fuel your rockets before take-off.",
      "x": 49,
      "y": 115,
      "icon": {
        "id": "advancedrocketry:chemicalReactor"
      },
      "prerequisites": [
        "0803cfcd-b04e-419b-8f2a-82f3874f2148"
      ],
      "trigger": "ANTI_TRIGGER",
      "tasks": [
        {
          "type": "CRAFT",
          "items": [
            {
              "item": {
                "id": "advancedrocketry:chemicalReactor"
              }
            }
          ]
        }
      ],
      "reward": [
        {
          "id": "advancedrocketry:bucketHydrogen",
          "amount": 4
        },
        {
          "id": "advancedrocketry:bucketOxygen",
          "amount": 4
        }
      ],
      "rewardchoice": [
        {
          "id": "hardcorequesting:hearts"
        },
        {
          "id": "dungeontactics:heart_golden"
        },
        {
          "id": "minecraft:experience_bottle",
          "amount": 8
        }
      ],
      "commandrewards": []
    },
    {
      "uuid": "0803cfcd-b04e-419b-8f2a-82f3874f2148",
      "name": "Preparing For Takeoff",
      "description": "The Rocket Monitoring Station will needed for your upcoming launchpad. Use this machine to monitor the progress of rockets before and after launch.",
      "x": 73,
      "y": 141,
      "icon": {
        "id": "advancedrocketry:monitoringStation"
      },
      "prerequisites": [
        "79001369-3881-472b-a7dc-00eeaef63a07"
      ],
      "trigger": "ANTI_TRIGGER",
      "tasks": [
        {
          "type": "CRAFT",
          "items": [
            {
              "item": {
                "id": "advancedrocketry:monitoringStation"
              }
            }
          ]
        }
      ],
      "reward": [
        {
          "id": "lcrdrfs:creepssile_bazookoid"
        },
        {
          "id": "lcrdrfs:creepssile_ammo",
          "amount": 64
        }
      ],
      "commandrewards": []
    },
    {
      "uuid": "65406e75-2bb5-4e6b-9230-d3a6eaf0c081",
      "name": "Launchpad Construction",
      "description": "You can\u0027t just place a rocket down and take off from the dirt. Create a 5x5 rocket pad for take-off. Under the launchpad blocks, place vanilla glass. The Structure Tower needs to be placed down to the side of the launchpad. Place a block of glass in line with the glass under the launchpad blocks, and build the tower upwards. The bottom Structure Tower block should be directly next to a launchpad block. The Structure tower needs to be the same height or higher than the rocket on the launchpad to correctly build and launch. (FYI feed the T-Rex Redstone Blocks so it can grow!).",
      "x": 73,
      "y": 63,
      "icon": {
        "id": "advancedrocketry:launchpad"
      },
      "prerequisites": [
        "02dcf0f3-d66a-4b01-bb43-77d30cfbc8ae"
      ],
      "trigger": "ANTI_TRIGGER",
      "tasks": [
        {
          "type": "DETECT",
          "items": [
            {
              "item": {
                "id": "advancedrocketry:launchpad"
              },
              "required": 25
            },
            {
              "item": {
                "id": "minecraft:glass"
              },
              "required": 25
            },
            {
              "item": {
                "id": "advancedrocketry:structureTower"
              },
              "required": 8
            }
          ]
        }
      ],
      "reward": [
        {
          "id": "lcrdrfs:robo_dino_egg_crafted"
        }
      ],
      "rewardchoice": [
        {
          "id": "lcrdrfs:spray_can_pink"
        },
        {
          "id": "lcrdrfs:spray_can_red"
        },
        {
          "id": "lcrdrfs:spray_can_black"
        },
        {
          "id": "lcrdrfs:spray_can_blue"
        }
      ],
      "commandrewards": []
    },
    {
      "uuid": "b52f9d61-51b4-426a-83ef-1641ca6b9fb3",
      "name": "Dueces!",
      "description": "Now, the final step in your journey. Get in your rocket and fly off this forsaken planet. Leave it all behind and never look back. Good luck! (Make sure you have air so you don\u0027t die right away!)",
      "x": 123,
      "y": 9,
      "icon": {
        "id": "extrautils2:ingredients",
        "damage": 5
      },
      "prerequisites": [
        "f5e8d98b-f59c-407d-8df8-dcc1161046a0"
      ],
      "trigger": "ANTI_TRIGGER",
      "tasks": [
        {
          "type": "LOCATION",
          "locations": [
            {
              "name": "Luna",
              "icon": {
                "id": "extrautils2:ingredients",
                "damage": 5
              },
              "x": 0,
              "y": 0,
              "z": 0,
              "dim": 2,
              "radius": -1
            }
          ]
        }
      ],
      "rewardchoice": [
        {
          "id": "hardcorequesting:hearts",
          "damage": 3
        },
        {
          "id": "dungeontactics:heart_golden"
        },
        {
          "id": "minecraft:experience_bottle",
          "amount": 16
        }
      ],
      "commandrewards": []
    },
    {
      "uuid": "86dce4ae-10f5-44bc-94b9-9f0e1c61960d",
      "name": "Assemblers Assemble!",
      "description": "One of the final machines needed to take-off is the Rocket Assembling Machine. Once you place your rocket thrusters, guidance computer, storage, etc. on the launchpad use the Assembling Machine to scan and build the rocket into a single block. Place this machine near the launchpad and use the Linker item to link the Assembling, Fueling, Monitoring Station machines to each other.",
      "x": 74,
      "y": 9,
      "icon": {
        "id": "advancedrocketry:rocketBuilder"
      },
      "prerequisites": [
        "ba097a9f-7f96-4e3b-87b5-c64837102cfe"
      ],
      "trigger": "ANTI_TRIGGER",
      "tasks": [
        {
          "type": "CRAFT",
          "items": [
            {
              "item": {
                "id": "advancedrocketry:rocketBuilder"
              }
            }
          ]
        }
      ],
      "reward": [
        {
          "id": "libvulpes:linker"
        }
      ],
      "commandrewards": []
    }
  ],
  "reputationBar": []
}