[{"uuid":"10755ea6-9721-467a-8b5c-92adf689072c","name":"Darkosto","lives":1,"team":{"id":-1,"lifeSetting":"SHARE","rewardSetting":"ALL","players":[{"uuid":"10755ea6-9721-467a-8b5c-92adf689072c","owner":true,"bookOpen":true,"inTeam":true}],"reputations":[],"questDataList":[{"questId":"f5e8d98b-f59c-407d-8df8-dcc1161046a0","questData":{"players":1,"rewards":[false],"completed":false,"claimed":false,"available":true,"time":0,"tasksSize":1,"tasks":[{"type":"ITEMS","completed":false,"count":4,"progress":[0,10,0,0]}]}},{"questId":"814486f7-67d9-4d12-b35e-14b53c1b4dfa","questData":{"players":1,"rewards":[false],"completed":false,"claimed":false,"available":true,"time":0,"tasksSize":1,"tasks":[{"type":"ITEMS","completed":false,"count":1,"progress":[0]}]}},{"questId":"49eb2594-8139-4528-87d7-932423a986e0","questData":{"players":1,"rewards":[false],"completed":false,"claimed":false,"available":true,"time":0,"tasksSize":1,"tasks":[{"type":"ITEMS","completed":false,"count":1,"progress":[0]}]}},{"questId":"af24260f-7746-4546-8783-b1bc97916b37","questData":{"players":1,"rewards":[true],"completed":true,"claimed":false,"available":false,"time":143,"tasksSize":1,"tasks":[{"type":"ITEMS","completed":true,"count":1,"progress":[3]}]}},{"questId":"e3ee09f6-6cef-46ba-a4a5-b047143aad47","questData":{"players":1,"rewards":[true],"completed":true,"claimed":false,"available":false,"time":651,"tasksSize":1,"tasks":[{"type":"ITEMS","completed":true,"count":1,"progress":[1]}]}},{"questId":"6a2c447a-4d4e-45e0-875b-85478c41691a","questData":{"players":1,"rewards":[false],"completed":false,"claimed":false,"available":true,"time":0,"tasksSize":1,"tasks":[{"type":"ITEMS","completed":false,"count":2,"progress":[0,0]}]}},{"questId":"712233dd-db58-405f-923a-eff57d907268","questData":{"players":1,"rewards":[false],"completed":false,"claimed":false,"available":true,"time":0,"tasksSize":1,"tasks":[{"type":"ITEMS","completed":false,"count":1,"progress":[0]}]}},{"questId":"bb097a10-b127-41af-b5be-98bdb804ea7a","questData":{"players":1,"rewards":[false],"completed":false,"claimed":false,"available":true,"time":0,"tasksSize":1,"tasks":[{"type":"ITEMS","completed":false,"count":1,"progress":[0]}]}},{"questId":"1bce7a37-97fe-452d-9460-204e0ab3bf2d","questData":{"players":1,"rewards":[false],"completed":false,"claimed":false,"available":true,"time":0,"tasksSize":1,"tasks":[{"type":"ITEMS","completed":false,"count":1,"progress":[0]}]}},{"questId":"b4c5e3f6-843b-469f-981d-c2ae60d69efe","questData":{"players":1,"rewards":[false],"completed":false,"claimed":false,"available":true,"time":0,"tasksSize":1,"tasks":[{"type":"ITEMS","completed":false,"count":1,"progress":[0]}]}},{"questId":"0e0aee4b-edf3-400a-9ae5-c9981d6ca1cc","questData":{"players":1,"rewards":[true],"completed":true,"claimed":false,"available":false,"time":651,"tasksSize":1,"tasks":[{"type":"ITEMS","completed":true,"count":1,"progress":[1]}]}},{"questId":"0c3b4d6c-1cc9-4835-a4cf-5194b6be0c14","questData":{"players":1,"rewards":[true],"completed":true,"claimed":false,"available":false,"time":651,"tasksSize":1,"tasks":[{"type":"ITEMS","completed":true,"count":1,"progress":[1]}]}},{"questId":"93b37315-3bd1-4957-a871-8388513b202d","questData":{"players":1,"rewards":[false],"completed":false,"claimed":false,"available":true,"time":0,"tasksSize":1,"tasks":[{"type":"ITEMS","completed":false,"count":1,"progress":[0]}]}},{"questId":"cdc08bf1-034b-4062-8b80-4b9475faabb1","questData":{"players":1,"rewards":[true],"completed":true,"claimed":false,"available":false,"time":4,"tasksSize":1,"tasks":[{"type":"ITEMS","completed":true,"count":1,"progress":[1]}]}},{"questId":"757d218f-e2cb-4362-ae77-a22cb7957c62","questData":{"players":1,"rewards":[true],"completed":true,"claimed":false,"available":false,"time":651,"tasksSize":1,"tasks":[{"type":"ITEMS","completed":true,"count":1,"progress":[1]}]}},{"questId":"98129dc9-83a9-4088-87dd-20a96ee93e7f","questData":{"players":1,"rewards":[false],"completed":false,"claimed":false,"available":true,"time":0,"tasksSize":1,"tasks":[{"type":"ITEMS","completed":false,"count":1,"progress":[0]}]}},{"questId":"cbb99ebc-6087-452c-8bb1-e4170ca52b6b","questData":{"players":1,"rewards":[false],"completed":false,"claimed":false,"available":true,"time":0,"tasksSize":1,"tasks":[{"type":"ITEMS","completed":false,"count":1,"progress":[0]}]}},{"questId":"834ed225-7d8d-48c2-81f2-92cfd34daaf5","questData":{"players":1,"rewards":[false],"completed":false,"claimed":false,"available":true,"time":0,"tasksSize":1,"tasks":[{"type":"ITEMS","completed":false,"count":1,"progress":[0]}]}},{"questId":"aef33850-4eac-4a7e-98b4-e5041fd5084e","questData":{"players":1,"rewards":[false],"completed":false,"claimed":false,"available":true,"time":0,"tasksSize":1,"tasks":[{"type":"ITEMS","completed":false,"count":1,"progress":[0]}]}},{"questId":"9443ceb9-0874-4401-9b3f-30fef1a57042","questData":{"players":1,"rewards":[true],"completed":true,"claimed":false,"available":false,"time":651,"tasksSize":1,"tasks":[{"type":"ITEMS","completed":true,"count":1,"progress":[1]}]}},{"questId":"723d26fe-9595-49fa-84ae-391382f467b6","questData":{"players":1,"rewards":[false],"completed":false,"claimed":false,"available":true,"time":0,"tasksSize":1,"tasks":[{"type":"ITEMS","completed":false,"count":1,"progress":[0]}]}},{"questId":"f9379478-5ae8-4433-8a7a-2176af106a69","questData":{"players":1,"rewards":[false],"completed":false,"claimed":false,"available":true,"time":0,"tasksSize":1,"tasks":[{"type":"ITEMS","completed":false,"count":1,"progress":[0]}]}},{"questId":"0d554eb8-0cff-4544-bff8-803901a14596","questData":{"players":1,"rewards":[false],"completed":false,"claimed":false,"available":true,"time":0,"tasksSize":1,"tasks":[{"type":"ITEMS","completed":false,"count":1,"progress":[0]}]}},{"questId":"60a0c350-feb5-403e-a434-842340743adc","questData":{"players":1,"rewards":[false],"completed":false,"claimed":false,"available":true,"time":0,"tasksSize":1,"tasks":[{"type":"ITEMS","completed":false,"count":1,"progress":[0]}]}},{"questId":"cc46f431-d23a-4b8a-b8e8-f74594faa780","questData":{"players":1,"rewards":[true],"completed":true,"claimed":false,"available":false,"time":651,"tasksSize":1,"tasks":[{"type":"ITEMS","completed":true,"count":1,"progress":[1]}]}},{"questId":"463b2098-8583-48f6-94e3-cd8d0658852f","questData":{"players":1,"rewards":[false],"completed":false,"claimed":false,"available":true,"time":0,"tasksSize":1,"tasks":[{"type":"ITEMS","completed":false,"count":1,"progress":[0]}]}},{"questId":"aca0b500-466b-475b-a4e8-428d1cebb841","questData":{"players":1,"rewards":[true],"completed":true,"claimed":false,"available":false,"time":667,"tasksSize":1,"tasks":[{"type":"ITEMS","completed":true,"count":1,"progress":[1]}]}},{"questId":"80aa7026-8ca3-4175-9ea0-bf5301cb93f3","questData":{"players":1,"rewards":[true],"completed":true,"claimed":false,"available":false,"time":4,"tasksSize":1,"tasks":[{"type":"ITEMS","completed":true,"count":1,"progress":[1]}]}},{"questId":"681c93f3-81a5-42cb-a893-c46b02ec4d63","questData":{"players":1,"rewards":[false],"completed":false,"claimed":false,"available":true,"time":0,"tasksSize":1,"tasks":[{"type":"ITEMS","completed":false,"count":1,"progress":[0]}]}},{"questId":"c225f657-8565-4b52-b7fe-5d1271099757","questData":{"players":1,"rewards":[false],"completed":false,"claimed":false,"available":true,"time":0,"tasksSize":1,"tasks":[{"type":"ITEMS","completed":true,"count":1,"progress":[1]}]}},{"questId":"23641b9a-3e89-4975-afc3-45a2d39aca96","questData":{"players":1,"rewards":[false],"completed":false,"claimed":false,"available":true,"time":0,"tasksSize":1,"tasks":[{"type":"ITEMS","completed":false,"count":1,"progress":[0]}]}},{"questId":"39b4f976-dd33-43b5-b673-7ed3a8cd8e1e","questData":{"players":1,"rewards":[true],"completed":true,"claimed":false,"available":false,"time":651,"tasksSize":1,"tasks":[{"type":"ITEMS","completed":true,"count":1,"progress":[1]}]}},{"questId":"68959fdd-902c-478a-91b1-4dbf934abad4","questData":{"players":1,"rewards":[false],"completed":false,"claimed":false,"available":true,"time":0,"tasksSize":1,"tasks":[{"type":"ITEMS","completed":false,"count":1,"progress":[0]}]}},{"questId":"d3784eaa-c4f1-4ae6-9886-477fe55155c0","questData":{"players":1,"rewards":[false],"completed":false,"claimed":false,"available":true,"time":0,"tasksSize":1,"tasks":[{"type":"ITEMS","completed":false,"count":1,"progress":[0]}]}},{"questId":"8aab8596-4970-407c-9e1f-c6da6670d94d","questData":{"players":1,"rewards":[false],"completed":false,"claimed":false,"available":true,"time":0,"tasksSize":1,"tasks":[{"type":"ITEMS","completed":false,"count":1,"progress":[0]}]}},{"questId":"2987689a-3359-4171-b25a-67b248311455","questData":{"players":1,"rewards":[false],"completed":false,"claimed":false,"available":true,"time":0,"tasksSize":1,"tasks":[{"type":"ITEMS","completed":false,"count":1,"progress":[0]}]}},{"questId":"7100ada4-bd06-467d-adbd-099bd58660a5","questData":{"players":1,"rewards":[false],"completed":false,"claimed":false,"available":true,"time":0,"tasksSize":1,"tasks":[{"type":"ITEMS","completed":false,"count":1,"progress":[0]}]}},{"questId":"b09d6cc3-dbdd-44dc-8b6a-848d72822c2a","questData":{"players":1,"rewards":[false],"completed":false,"claimed":false,"available":true,"time":0,"tasksSize":1,"tasks":[{"type":"ITEMS","completed":false,"count":1,"progress":[0]}]}},{"questId":"1599f95c-1be4-4595-ba9f-5d9f5e9b9208","questData":{"players":1,"rewards":[true],"completed":true,"claimed":false,"available":false,"time":5,"tasksSize":1,"tasks":[{"type":"ITEMS","completed":true,"count":2,"progress":[1,4]}]}},{"questId":"97e50629-93cb-4dec-8e37-16125d465466","questData":{"players":1,"rewards":[false],"completed":false,"claimed":false,"available":true,"time":0,"tasksSize":1,"tasks":[{"type":"ITEMS","completed":false,"count":1,"progress":[0]}]}},{"questId":"5459f7e4-9ddf-4d7b-b20f-4ad2214be145","questData":{"players":1,"rewards":[false],"completed":false,"claimed":false,"available":true,"time":0,"tasksSize":1,"tasks":[{"type":"ITEMS","completed":false,"count":1,"progress":[0]}]}},{"questId":"d03fa0ff-3f66-47c0-8818-403ea2d3583b","questData":{"players":1,"rewards":[false],"completed":false,"claimed":false,"available":true,"time":0,"tasksSize":1,"tasks":[{"type":"ITEMS","completed":false,"count":1,"progress":[0]}]}},{"questId":"d1a93273-dd0b-4002-baef-ca51f92b9b9b","questData":{"players":1,"rewards":[false],"completed":false,"claimed":false,"available":true,"time":0,"tasksSize":1,"tasks":[{"type":"ITEMS","completed":false,"count":1,"progress":[0]}]}},{"questId":"6e7da834-b534-4f5c-92fc-e5d7569b2f70","questData":{"players":1,"rewards":[false],"completed":false,"claimed":false,"available":true,"time":0,"tasksSize":1,"tasks":[{"type":"ITEMS","completed":false,"count":1,"progress":[0]}]}},{"questId":"642422b8-3f94-424e-b481-16f0b7386e56","questData":{"players":1,"rewards":[true],"completed":true,"claimed":false,"available":false,"time":651,"tasksSize":1,"tasks":[{"type":"ITEMS","completed":true,"count":1,"progress":[1]}]}},{"questId":"c3d23582-dc07-476f-a3c6-7c7d8e269202","questData":{"players":1,"rewards":[false],"completed":false,"claimed":false,"available":true,"time":0,"tasksSize":1,"tasks":[{"type":"ITEMS","completed":false,"count":2,"progress":[0,0]}]}},{"questId":"a65065fd-e15a-4d4a-9518-aee976b56cf9","questData":{"players":1,"rewards":[false],"completed":false,"claimed":false,"available":true,"time":0,"tasksSize":1,"tasks":[{"type":"ITEMS","completed":false,"count":1,"progress":[0]}]}},{"questId":"d39e0cc9-80b4-47c2-a61c-86d5fc1aebe7","questData":{"players":1,"rewards":[false],"completed":false,"claimed":false,"available":true,"time":0,"tasksSize":1,"tasks":[{"type":"ITEMS","completed":false,"count":1,"progress":[0]}]}},{"questId":"69547a13-bd18-4096-8277-e16e187b6772","questData":{"players":1,"rewards":[false],"completed":false,"claimed":false,"available":true,"time":0,"tasksSize":1,"tasks":[{"type":"ITEMS","completed":false,"count":1,"progress":[0]}]}},{"questId":"b52f9d61-51b4-426a-83ef-1641ca6b9fb3","questData":{"players":1,"rewards":[false],"completed":false,"claimed":false,"available":true,"time":0,"tasksSize":1,"tasks":[{"type":"LOCATION","completed":false,"count":1,"visited":[false]}]}},{"questId":"493c439f-eff1-4559-ae4b-e283eb399b1f","questData":{"players":1,"rewards":[false],"completed":false,"claimed":false,"available":true,"time":0,"tasksSize":1,"tasks":[{"type":"ITEMS","completed":false,"count":1,"progress":[0]}]}},{"questId":"936fbf6f-5ab7-486d-a76b-91b3b198d7b9","questData":{"players":1,"rewards":[false],"completed":false,"claimed":false,"available":true,"time":0,"tasksSize":1,"tasks":[{"type":"ITEMS","completed":false,"count":1,"progress":[0]}]}},{"questId":"521db4d7-6b8d-425f-b92c-24ce90ca8f46","questData":{"players":1,"rewards":[true],"completed":true,"claimed":false,"available":false,"time":15,"tasksSize":1,"tasks":[{"type":"ITEMS","completed":true,"count":1,"progress":[1]}]}},{"questId":"7ea19617-4f77-4d6f-94b7-5840ceaaceb9","questData":{"players":1,"rewards":[true],"completed":true,"claimed":false,"available":false,"time":87,"tasksSize":1,"tasks":[{"type":"ITEMS","completed":true,"count":1,"progress":[1]}]}},{"questId":"94739601-eea7-4c9a-b114-ef9a901cbb89","questData":{"players":1,"rewards":[false],"completed":false,"claimed":false,"available":true,"time":0,"tasksSize":1,"tasks":[{"type":"ITEMS","completed":false,"count":1,"progress":[0]}]}},{"questId":"fca498cc-658e-4efe-9676-41f1896f768f","questData":{"players":1,"rewards":[false],"completed":false,"claimed":false,"available":true,"time":0,"tasksSize":1,"tasks":[{"type":"ITEMS","completed":false,"count":4,"progress":[0,0,0,0]}]}},{"questId":"79001369-3881-472b-a7dc-00eeaef63a07","questData":{"players":1,"rewards":[true],"completed":true,"claimed":false,"available":false,"time":15,"tasksSize":1,"tasks":[{"type":"ITEMS","completed":true,"count":4,"progress":[1,1,1,1]}]}},{"questId":"a1eaa266-110e-4d5d-a6f1-3b32c7feb2e1","questData":{"players":1,"rewards":[false],"completed":false,"claimed":false,"available":true,"time":0,"tasksSize":1,"tasks":[{"type":"ITEMS","completed":false,"count":1,"progress":[0]}]}},{"questId":"5f24193b-9fc9-4907-9979-be9dd68c1bba","questData":{"players":1,"rewards":[false],"completed":false,"claimed":false,"available":true,"time":0,"tasksSize":1,"tasks":[{"type":"ITEMS","completed":false,"count":1,"progress":[0]}]}},{"questId":"ad16b1ad-b459-4370-8713-c7bf9b604807","questData":{"players":1,"rewards":[true],"completed":true,"claimed":false,"available":false,"time":5,"tasksSize":1,"tasks":[{"type":"ITEMS","completed":true,"count":1,"progress":[1]}]}},{"questId":"7de7e0a2-20b3-4424-b83b-caf3b7bad770","questData":{"players":1,"rewards":[false],"completed":false,"claimed":false,"available":true,"time":0,"tasksSize":1,"tasks":[{"type":"ITEMS","completed":false,"count":2,"progress":[0,0]}]}},{"questId":"7bfaa7d0-d5e9-4f95-9602-0e90674c8790","questData":{"players":1,"rewards":[false],"completed":false,"claimed":false,"available":true,"time":0,"tasksSize":1,"tasks":[{"type":"ITEMS","completed":false,"count":1,"progress":[0]}]}},{"questId":"8b7b5c0b-88bd-4668-9997-9734f0f02896","questData":{"players":1,"rewards":[false],"completed":false,"claimed":false,"available":true,"time":0,"tasksSize":1,"tasks":[{"type":"ITEMS","completed":false,"count":1,"progress":[0]}]}},{"questId":"3ede8444-3969-4da2-a50d-4a5ca612c7c8","questData":{"players":1,"rewards":[false],"completed":false,"claimed":false,"available":true,"time":0,"tasksSize":1,"tasks":[{"type":"ITEMS","completed":false,"count":1,"progress":[0]}]}},{"questId":"f0145c0c-9bb7-46dc-9ffa-89c4d225ee78","questData":{"players":1,"rewards":[false],"completed":false,"claimed":false,"available":true,"time":0,"tasksSize":1,"tasks":[{"type":"ITEMS","completed":false,"count":1,"progress":[0]}]}},{"questId":"b1da1974-4e19-4400-888a-84ebed2072ce","questData":{"players":1,"rewards":[false],"completed":false,"claimed":false,"available":true,"time":0,"tasksSize":1,"tasks":[{"type":"ITEMS","completed":false,"count":1,"progress":[0]}]}},{"questId":"25dd9dcd-13fa-406a-a6d1-c70e0de04a3b","questData":{"players":1,"rewards":[true],"completed":true,"claimed":false,"available":false,"time":87,"tasksSize":1,"tasks":[{"type":"ITEMS","completed":true,"count":3,"progress":[1,1,1]}]}},{"questId":"86dce4ae-10f5-44bc-94b9-9f0e1c61960d","questData":{"players":1,"rewards":[false],"completed":false,"claimed":false,"available":true,"time":0,"tasksSize":1,"tasks":[{"type":"ITEMS","completed":false,"count":1,"progress":[0]}]}},{"questId":"442f5ad0-878e-41a4-93a1-d96092af7bc8","questData":{"players":1,"rewards":[false],"completed":false,"claimed":false,"available":true,"time":0,"tasksSize":1,"tasks":[{"type":"ITEMS","completed":false,"count":1,"progress":[0]}]}},{"questId":"77454e0d-ebf6-4341-88d5-cf271ce4cc37","questData":{"players":1,"rewards":[true],"completed":true,"claimed":false,"available":false,"time":56,"tasksSize":1,"tasks":[{"type":"ITEMS","completed":true,"count":1,"progress":[2]}]}},{"questId":"21a401b8-2795-405b-adc4-ff8a40d832f6","questData":{"players":1,"rewards":[false],"completed":false,"claimed":false,"available":true,"time":0,"tasksSize":1,"tasks":[{"type":"ITEMS","completed":false,"count":1,"progress":[0]}]}},{"questId":"b43d379f-bd72-4b26-8e7d-81f128951954","questData":{"players":1,"rewards":[false],"completed":false,"claimed":false,"available":true,"time":0,"tasksSize":1,"tasks":[{"type":"ITEMS","completed":false,"count":1,"progress":[0]}]}},{"questId":"ad4bedff-068c-4976-83fc-bae8bbc614c8","questData":{"players":1,"rewards":[false],"completed":false,"claimed":false,"available":true,"time":0,"tasksSize":1,"tasks":[{"type":"ITEMS","completed":false,"count":1,"progress":[0]}]}},{"questId":"6297bea7-8d57-4c9b-96b9-77000a4edd3e","questData":{"players":1,"rewards":[false],"completed":false,"claimed":false,"available":true,"time":0,"tasksSize":1,"tasks":[{"type":"ITEMS","completed":false,"count":1,"progress":[0]}]}},{"questId":"319a205e-a12e-4a29-b9d1-4dc80b791821","questData":{"players":1,"rewards":[false],"completed":false,"claimed":false,"available":true,"time":0,"tasksSize":1,"tasks":[{"type":"ITEMS","completed":false,"count":1,"progress":[0]}]}},{"questId":"43de9bee-5ddf-48b7-ae9a-39372ad5138b","questData":{"players":1,"rewards":[false],"completed":false,"claimed":false,"available":true,"time":0,"tasksSize":1,"tasks":[{"type":"ITEMS","completed":false,"count":2,"progress":[0,0]}]}},{"questId":"aa6a7896-12ec-4936-83a2-b492ed823a8b","questData":{"players":1,"rewards":[false],"completed":false,"claimed":false,"available":true,"time":0,"tasksSize":1,"tasks":[{"type":"ITEMS","completed":false,"count":1,"progress":[0]}]}},{"questId":"97ae2471-334f-45b7-bf78-5a398003f6fb","questData":{"players":1,"rewards":[false],"completed":false,"claimed":false,"available":true,"time":0,"tasksSize":1,"tasks":[{"type":"ITEMS","completed":false,"count":1,"progress":[0]}]}},{"questId":"fbac069f-5605-4e30-a5d4-d856105f5e1c","questData":{"players":1,"rewards":[false],"completed":false,"claimed":false,"available":true,"time":0,"tasksSize":1,"tasks":[{"type":"ITEMS","completed":false,"count":1,"progress":[0]}]}},{"questId":"884276ba-b2e3-44ae-a93d-e6d6ca64350b","questData":{"players":1,"rewards":[false],"completed":false,"claimed":false,"available":true,"time":0,"tasksSize":1,"tasks":[{"type":"ITEMS","completed":false,"count":1,"progress":[0]}]}},{"questId":"e76f217e-f620-4900-bf31-657bfc2899cf","questData":{"players":1,"rewards":[true],"completed":true,"claimed":false,"available":false,"time":651,"tasksSize":1,"tasks":[{"type":"ITEMS","completed":true,"count":1,"progress":[1]}]}},{"questId":"897812e9-69ce-47f0-a100-ac2c579030d7","questData":{"players":1,"rewards":[true],"completed":true,"claimed":false,"available":false,"time":651,"tasksSize":1,"tasks":[{"type":"ITEMS","completed":true,"count":1,"progress":[1]}]}},{"questId":"5baf2f1a-c5ca-440d-af43-5ab5b534de56","questData":{"players":1,"rewards":[false],"completed":false,"claimed":false,"available":true,"time":0,"tasksSize":1,"tasks":[{"type":"ITEMS","completed":false,"count":1,"progress":[0]}]}},{"questId":"593dab50-02a0-4a19-83d6-442893f4a00f","questData":{"players":1,"rewards":[false],"completed":false,"claimed":false,"available":true,"time":0,"tasksSize":1,"tasks":[{"type":"ITEMS","completed":false,"count":1,"progress":[0]}]}},{"questId":"5a755b43-2eb6-4ae1-a31b-69af98bc389e","questData":{"players":1,"rewards":[false],"completed":true,"claimed":false,"available":false,"time":88,"tasksSize":1,"tasks":[{"type":"ITEMS","completed":true,"count":1,"progress":[1]}]}},{"questId":"80e0cd40-d2b3-4aec-9d27-6c50f10b4081","questData":{"players":1,"rewards":[false],"completed":false,"claimed":false,"available":true,"time":0,"tasksSize":1,"tasks":[{"type":"ITEMS","completed":false,"count":1,"progress":[0]}]}},{"questId":"20446b05-b9b0-4811-a171-a5631cc54909","questData":{"players":1,"rewards":[true],"completed":true,"claimed":false,"available":false,"time":4,"tasksSize":1,"tasks":[{"type":"ITEMS","completed":true,"count":1,"progress":[1]}]}},{"questId":"0c301958-097a-4ec1-8bf2-967de31dfb03","questData":{"players":1,"rewards":[false],"completed":false,"claimed":false,"available":true,"time":0,"tasksSize":1,"tasks":[{"type":"ITEMS","completed":false,"count":1,"progress":[0]}]}},{"questId":"8fccb519-ec07-4e06-9a90-020de2d1d1cd","questData":{"players":1,"rewards":[false],"completed":false,"claimed":false,"available":true,"time":0,"tasksSize":1,"tasks":[{"type":"ITEMS","completed":false,"count":1,"progress":[0]}]}},{"questId":"0cc84d2e-99ce-4b18-b646-147f5956b4a2","questData":{"players":1,"rewards":[true],"completed":true,"claimed":false,"available":false,"time":16,"tasksSize":1,"tasks":[{"type":"ITEMS","completed":true,"count":1,"progress":[1]}]}},{"questId":"0803cfcd-b04e-419b-8f2a-82f3874f2148","questData":{"players":1,"rewards":[true],"completed":true,"claimed":false,"available":false,"time":15,"tasksSize":1,"tasks":[{"type":"ITEMS","completed":true,"count":1,"progress":[1]}]}},{"questId":"9cb90c66-e6e6-43de-971d-f95093214d7c","questData":{"players":1,"rewards":[false],"completed":false,"claimed":false,"available":true,"time":0,"tasksSize":1,"tasks":[{"type":"ITEMS","completed":false,"count":1,"progress":[0]}]}},{"questId":"451e4a1f-917d-46aa-8762-7a715fd8c0a9","questData":{"players":1,"rewards":[true],"completed":true,"claimed":false,"available":false,"time":7,"tasksSize":1,"tasks":[{"type":"ITEMS","completed":true,"count":1,"progress":[1]}]}},{"questId":"12dec8b1-879b-49d5-81e9-2229748f0fd6","questData":{"players":1,"rewards":[false],"completed":false,"claimed":false,"available":true,"time":0,"tasksSize":1,"tasks":[{"type":"ITEMS","completed":false,"count":1,"progress":[0]}]}},{"questId":"9f2e2d04-0114-4aaa-867e-0308cc9116bf","questData":{"players":1,"rewards":[false],"completed":false,"claimed":false,"available":true,"time":0,"tasksSize":1,"tasks":[{"type":"ITEMS","completed":false,"count":3,"progress":[0,0,0]}]}},{"questId":"82f92e5e-1cb4-4b99-819f-8ec3926d05f3","questData":{"players":1,"rewards":[true],"completed":true,"claimed":false,"available":false,"time":4,"tasksSize":1,"tasks":[{"type":"ITEMS","completed":true,"count":4,"progress":[1,1,1,1]}]}},{"questId":"1953a4f4-007a-4097-b8f7-b5fa7806a471","questData":{"players":1,"rewards":[false],"completed":false,"claimed":false,"available":true,"time":0,"tasksSize":1,"tasks":[{"type":"ITEMS","completed":false,"count":1,"progress":[0]}]}},{"questId":"65406e75-2bb5-4e6b-9230-d3a6eaf0c081","questData":{"players":1,"rewards":[false],"completed":false,"claimed":false,"available":true,"time":0,"tasksSize":1,"tasks":[{"type":"ITEMS","completed":false,"count":3,"progress":[0,0,0]}]}},{"questId":"3a43e8cd-eb8d-4abe-bc95-a68a61ba2ae4","questData":{"players":1,"rewards":[false],"completed":false,"claimed":false,"available":true,"time":0,"tasksSize":1,"tasks":[{"type":"ITEMS","completed":false,"count":1,"progress":[0]}]}},{"questId":"844f74b1-2ccb-4627-822d-4e706c1f6c7c","questData":{"players":1,"rewards":[true],"completed":true,"claimed":false,"available":false,"time":87,"tasksSize":1,"tasks":[{"type":"ITEMS","completed":true,"count":1,"progress":[16]}]}},{"questId":"f25d9c19-6f35-475c-b172-9adf95063a17","questData":{"players":1,"rewards":[true],"completed":true,"claimed":false,"available":true,"time":40,"tasksSize":1,"tasks":[{"type":"MOB","completed":false,"count":1,"killed":[0]}]}},{"questId":"2ff10985-7e2d-4a44-b4d7-127d9c272adf","questData":{"players":1,"rewards":[true],"completed":true,"claimed":false,"available":false,"time":651,"tasksSize":1,"tasks":[{"type":"ITEMS","completed":true,"count":1,"progress":[1]}]}},{"questId":"a80165ee-2e4a-4e79-a72f-f21bfc610d70","questData":{"players":1,"rewards":[false],"completed":false,"claimed":false,"available":true,"time":0,"tasksSize":1,"tasks":[{"type":"ITEMS","completed":false,"count":2,"progress":[0,0]}]}},{"questId":"b5b80889-6fa7-4a0e-9218-24d7ef2cf93e","questData":{"players":1,"rewards":[true],"completed":true,"claimed":false,"available":false,"time":127,"tasksSize":1,"tasks":[{"type":"ITEMS","completed":true,"count":1,"progress":[4]}]}},{"questId":"1feeada1-10ef-4ac2-ba79-e5d7bd7062c7","questData":{"players":1,"rewards":[false],"completed":false,"claimed":false,"available":true,"time":0,"tasksSize":1,"tasks":[{"type":"ITEMS","completed":false,"count":1,"progress":[0]}]}},{"questId":"0f98e13c-b306-41b5-a8b0-e1b3ef3c1334","questData":{"players":1,"rewards":[true],"completed":true,"claimed":false,"available":false,"time":165,"tasksSize":1,"tasks":[{"type":"ITEMS","completed":true,"count":1,"progress":[1]}]}},{"questId":"8ad89233-d8bb-4ab9-ab41-cdb336843cf0","questData":{"players":1,"rewards":[true],"completed":true,"claimed":false,"available":false,"time":53,"tasksSize":1,"tasks":[{"type":"ITEMS","completed":true,"count":1,"progress":[1]}]}},{"questId":"bc5291b7-f701-41a3-8785-ca5486cda806","questData":{"players":1,"rewards":[false],"completed":false,"claimed":false,"available":true,"time":0,"tasksSize":1,"tasks":[{"type":"ITEMS","completed":false,"count":1,"progress":[0]}]}},{"questId":"5e0ccc94-712f-4450-bdef-195a2c71edb0","questData":{"players":1,"rewards":[false],"completed":false,"claimed":false,"available":true,"time":0,"tasksSize":1,"tasks":[{"type":"ITEMS","completed":false,"count":1,"progress":[0]}]}},{"questId":"e7766fea-4c35-4e64-9d0b-f953e78bfed2","questData":{"players":1,"rewards":[false],"completed":false,"claimed":false,"available":true,"time":0,"tasksSize":1,"tasks":[{"type":"ITEMS","completed":false,"count":1,"progress":[0]}]}},{"questId":"b1376596-2ec8-4033-bfab-d10bd9ec9de8","questData":{"players":1,"rewards":[false],"completed":false,"claimed":false,"available":true,"time":0,"tasksSize":1,"tasks":[{"type":"ITEMS","completed":false,"count":1,"progress":[0]}]}},{"questId":"6153647c-0139-4299-b7cf-a9d830c50201","questData":{"players":1,"rewards":[false],"completed":false,"claimed":false,"available":true,"time":0,"tasksSize":1,"tasks":[{"type":"ITEMS","completed":false,"count":1,"progress":[0]}]}},{"questId":"0acf6a36-474b-4105-912e-ab27c2001660","questData":{"players":1,"rewards":[true],"completed":true,"claimed":false,"available":false,"time":155,"tasksSize":1,"tasks":[{"type":"ITEMS","completed":true,"count":1,"progress":[1]}]}},{"questId":"ac150a51-498f-4fa0-ac28-0b6d9d4ebcab","questData":{"players":1,"rewards":[false],"completed":false,"claimed":false,"available":true,"time":0,"tasksSize":1,"tasks":[{"type":"ITEMS","completed":false,"count":1,"progress":[0]}]}},{"questId":"03907ed8-d3e3-4b87-bf51-cb45903c1f47","questData":{"players":1,"rewards":[false],"completed":false,"claimed":false,"available":true,"time":0,"tasksSize":1,"tasks":[{"type":"ITEMS","completed":false,"count":1,"progress":[0]}]}},{"questId":"80fd680e-9336-4fbd-9bff-1308001d4ff3","questData":{"players":1,"rewards":[true],"completed":true,"claimed":false,"available":false,"time":4,"tasksSize":1,"tasks":[{"type":"ITEMS","completed":true,"count":1,"progress":[1]}]}},{"questId":"d54606dd-c12a-4b78-bb43-49e1ba63a389","questData":{"players":1,"rewards":[false],"completed":false,"claimed":false,"available":true,"time":0,"tasksSize":1,"tasks":[{"type":"ITEMS","completed":false,"count":2,"progress":[0,0]}]}},{"questId":"64bcc36d-6d34-4832-b090-63bd63d3f7a4","questData":{"players":1,"rewards":[true],"completed":true,"claimed":false,"available":false,"time":51,"tasksSize":1,"tasks":[{"type":"ITEMS","completed":true,"count":1,"progress":[1]}]}},{"questId":"87b0e073-2d7b-4019-8c88-bcf815ff6c45","questData":{"players":1,"rewards":[true],"completed":true,"claimed":false,"available":false,"time":143,"tasksSize":1,"tasks":[{"type":"ITEMS","completed":true,"count":1,"progress":[1]}]}},{"questId":"13162092-541a-45bf-b328-a3adfc3f0268","questData":{"players":1,"rewards":[false],"completed":false,"claimed":false,"available":true,"time":0,"tasksSize":1,"tasks":[{"type":"ITEMS","completed":false,"count":1,"progress":[0]}]}},{"questId":"949eaa0f-b38c-4a40-8e79-4802c45c472e","questData":{"players":1,"rewards":[false],"completed":false,"claimed":false,"available":true,"time":0,"tasksSize":1,"tasks":[{"type":"ITEMS","completed":false,"count":1,"progress":[0]}]}},{"questId":"5609d6ca-eb0e-44ac-a097-094a349e9ef2","questData":{"players":1,"rewards":[false],"completed":false,"claimed":false,"available":true,"time":0,"tasksSize":1,"tasks":[{"type":"ITEMS","completed":false,"count":1,"progress":[0]}]}},{"questId":"e73c6eba-b2d2-432a-982f-9a77cab3a32b","questData":{"players":1,"rewards":[false],"completed":false,"claimed":false,"available":true,"time":0,"tasksSize":1,"tasks":[{"type":"ITEMS","completed":false,"count":1,"progress":[0]}]}},{"questId":"a1938528-709e-479e-b1c0-098ed7cd8ba9","questData":{"players":1,"rewards":[false],"completed":false,"claimed":false,"available":true,"time":0,"tasksSize":1,"tasks":[{"type":"ITEMS","completed":false,"count":1,"progress":[0]}]}},{"questId":"d5d899c6-f0c0-4145-b383-416f57f82c93","questData":{"players":1,"rewards":[false],"completed":false,"claimed":false,"available":true,"time":0,"tasksSize":1,"tasks":[{"type":"ITEMS","completed":false,"count":1,"progress":[0]}]}},{"questId":"b983ab7a-d535-4a20-923b-311cda5bd2ed","questData":{"players":1,"rewards":[true],"completed":true,"claimed":false,"available":false,"time":56,"tasksSize":1,"tasks":[{"type":"ITEMS","completed":true,"count":1,"progress":[32]}]}},{"questId":"13cd7708-8290-4e88-973f-a281635e149e","questData":{"players":1,"rewards":[false],"completed":false,"claimed":false,"available":true,"time":0,"tasksSize":1,"tasks":[{"type":"ITEMS","completed":false,"count":1,"progress":[0]}]}},{"questId":"09aec4d8-44d3-4f9f-b0ff-5a47989e52be","questData":{"players":1,"rewards":[false],"completed":false,"claimed":false,"available":true,"time":0,"tasksSize":1,"tasks":[{"type":"ITEMS","completed":false,"count":1,"progress":[0]}]}},{"questId":"8e3aeaab-598b-4666-a099-362052d550e0","questData":{"players":1,"rewards":[false],"completed":false,"claimed":false,"available":true,"time":0,"tasksSize":1,"tasks":[{"type":"ITEMS","completed":false,"count":1,"progress":[0]}]}},{"questId":"5ea259ee-1c6e-43b0-bda0-9666e0d8d0d0","questData":{"players":1,"rewards":[true],"completed":true,"claimed":false,"available":false,"time":651,"tasksSize":1,"tasks":[{"type":"ITEMS","completed":true,"count":1,"progress":[1]}]}},{"questId":"00e6975c-82eb-4c43-925a-03ef29e2a04e","questData":{"players":1,"rewards":[true],"completed":true,"claimed":false,"available":false,"time":651,"tasksSize":1,"tasks":[{"type":"ITEMS","completed":true,"count":1,"progress":[1]}]}},{"questId":"af51e448-2129-401d-8fcd-74a34c146731","questData":{"players":1,"rewards":[false],"completed":false,"claimed":false,"available":true,"time":0,"tasksSize":1,"tasks":[{"type":"ITEMS","completed":false,"count":1,"progress":[0]}]}},{"questId":"5fe4458b-ff9e-4a2c-8346-33bdc95b3f96","questData":{"players":1,"rewards":[false],"completed":false,"claimed":false,"available":true,"time":0,"tasksSize":1,"tasks":[{"type":"ITEMS","completed":false,"count":1,"progress":[0]}]}},{"questId":"09c4fa1c-237a-42e3-bfe6-b41c3b4750ba","questData":{"players":1,"rewards":[false],"completed":false,"claimed":false,"available":true,"time":0,"tasksSize":1,"tasks":[{"type":"ITEMS","completed":false,"count":1,"progress":[0]}]}},{"questId":"ba097a9f-7f96-4e3b-87b5-c64837102cfe","questData":{"players":1,"rewards":[false],"completed":false,"claimed":false,"available":true,"time":0,"tasksSize":1,"tasks":[{"type":"ITEMS","completed":false,"count":1,"progress":[0]}]}},{"questId":"e5eb87d6-bffa-49a6-96e8-197a17250b96","questData":{"players":1,"rewards":[true],"completed":true,"claimed":false,"available":false,"time":88,"tasksSize":1,"tasks":[{"type":"ITEMS","completed":true,"count":1,"progress":[1]}]}},{"questId":"4fe1744c-f468-4ed4-83a5-3bb58e343848","questData":{"players":1,"rewards":[false],"completed":false,"claimed":false,"available":true,"time":0,"tasksSize":1,"tasks":[{"type":"ITEMS","completed":false,"count":1,"progress":[0]}]}},{"questId":"19535f03-f2cc-4dfd-bebd-60adfa46599a","questData":{"players":1,"rewards":[true],"completed":true,"claimed":false,"available":false,"time":87,"tasksSize":1,"tasks":[{"type":"ITEMS","completed":true,"count":1,"progress":[1]}]}},{"questId":"6eda8edf-3ff2-4240-a71b-b5344298fb68","questData":{"players":1,"rewards":[true],"completed":true,"claimed":false,"available":false,"time":15,"tasksSize":1,"tasks":[{"type":"ITEMS","completed":true,"count":1,"progress":[1]}]}},{"questId":"c2f8a1e2-0a90-4a64-9960-ac62b79d80a2","questData":{"players":1,"rewards":[false],"completed":false,"claimed":false,"available":true,"time":0,"tasksSize":1,"tasks":[{"type":"ITEMS","completed":false,"count":1,"progress":[0]}]}},{"questId":"102e2963-1300-433c-91af-5af67177582e","questData":{"players":1,"rewards":[true],"completed":true,"claimed":false,"available":false,"time":87,"tasksSize":1,"tasks":[{"type":"ITEMS","completed":true,"count":1,"progress":[16]}]}},{"questId":"51a230c1-d55d-4ad4-8815-4b6ad0ccfd74","questData":{"players":1,"rewards":[false],"completed":false,"claimed":false,"available":true,"time":0,"tasksSize":1,"tasks":[{"type":"ITEMS","completed":false,"count":1,"progress":[0]}]}},{"questId":"967b9e1d-4205-4d5f-a91e-9daddbb00fc7","questData":{"players":1,"rewards":[false],"completed":false,"claimed":false,"available":true,"time":0,"tasksSize":1,"tasks":[{"type":"ITEMS","completed":false,"count":2,"progress":[0,0]}]}},{"questId":"23374e4a-0903-40cb-911d-b6cc3ceb88d1","questData":{"players":1,"rewards":[true],"completed":true,"claimed":false,"available":false,"time":87,"tasksSize":1,"tasks":[{"type":"ITEMS","completed":true,"count":1,"progress":[16]}]}},{"questId":"5af5ad4b-a7c7-435a-81c5-fb304025653c","questData":{"players":1,"rewards":[false],"completed":false,"claimed":false,"available":true,"time":0,"tasksSize":1,"tasks":[{"type":"ITEMS","completed":false,"count":1,"progress":[0]}]}},{"questId":"9322cae2-a00b-445f-8236-4809cf6e044b","questData":{"players":1,"rewards":[true],"completed":true,"claimed":false,"available":false,"time":155,"tasksSize":1,"tasks":[{"type":"ITEMS","completed":true,"count":1,"progress":[1]}]}},{"questId":"64669581-de2d-45cd-bdc1-1bd2998e9b53","questData":{"players":1,"rewards":[false],"completed":false,"claimed":false,"available":true,"time":0,"tasksSize":1,"tasks":[{"type":"ITEMS","completed":true,"count":1,"progress":[1]}]}},{"questId":"a901fd08-1472-4c1d-88cd-c7f3fce93c67","questData":{"players":1,"rewards":[false],"completed":false,"claimed":false,"available":true,"time":0,"tasksSize":1,"tasks":[{"type":"ITEMS","completed":false,"count":1,"progress":[0]}]}},{"questId":"fdb79bee-b32c-48a3-b64c-8c90f9b57b2f","questData":{"players":1,"rewards":[false],"completed":false,"claimed":false,"available":true,"time":0,"tasksSize":1,"tasks":[{"type":"ITEMS","completed":false,"count":1,"progress":[0]}]}},{"questId":"7b641d9a-7792-4d97-8a87-7c05f75161bc","questData":{"players":1,"rewards":[true],"completed":true,"claimed":false,"available":false,"time":155,"tasksSize":1,"tasks":[{"type":"ITEMS","completed":true,"count":1,"progress":[1]}]}},{"questId":"11c0ee54-0a74-4990-9c7f-e98fafabcb38","questData":{"players":1,"rewards":[true],"completed":true,"claimed":false,"available":false,"time":87,"tasksSize":1,"tasks":[{"type":"ITEMS","completed":true,"count":1,"progress":[1]}]}},{"questId":"8c179431-c09b-42eb-8e3c-0035031f085b","questData":{"players":1,"rewards":[false],"completed":false,"claimed":false,"available":true,"time":0,"tasksSize":1,"tasks":[{"type":"ITEMS","completed":false,"count":1,"progress":[0]}]}},{"questId":"716e9e1c-75ee-4140-a275-d4bdb77bc69d","questData":{"players":1,"rewards":[true],"completed":true,"claimed":false,"available":false,"time":5,"tasksSize":1,"tasks":[{"type":"ITEMS","completed":true,"count":1,"progress":[1]}]}},{"questId":"90b8beaa-fe1b-495b-9247-c8ca20470a56","questData":{"players":1,"rewards":[false],"completed":false,"claimed":false,"available":true,"time":0,"tasksSize":1,"tasks":[{"type":"ITEMS","completed":false,"count":1,"progress":[0]}]}},{"questId":"290c9ace-7888-4cdf-8b37-023b1affa834","questData":{"players":1,"rewards":[true],"completed":true,"claimed":false,"available":false,"time":16,"tasksSize":1,"tasks":[{"type":"ITEMS","completed":true,"count":1,"progress":[1]}]}},{"questId":"afa27183-7bef-498e-94cb-8c324f966037","questData":{"players":1,"rewards":[false],"completed":false,"claimed":false,"available":true,"time":0,"tasksSize":1,"tasks":[{"type":"ITEMS","completed":false,"count":1,"progress":[0]}]}},{"questId":"d05b3ca2-4f34-4dc1-9cea-54855b03b068","questData":{"players":1,"rewards":[true],"completed":true,"claimed":false,"available":false,"time":17,"tasksSize":1,"tasks":[{"type":"ITEMS","completed":true,"count":4,"progress":[1,1,1,1]}]}},{"questId":"c99c7706-d3c9-4c94-94bc-d01306ea3943","questData":{"players":1,"rewards":[false],"completed":false,"claimed":false,"available":true,"time":0,"tasksSize":1,"tasks":[{"type":"ITEMS","completed":false,"count":1,"progress":[0]}]}},{"questId":"b8a89dd4-94b3-42f2-b0f5-d21b22a46461","questData":{"players":1,"rewards":[false],"completed":false,"claimed":false,"available":true,"time":0,"tasksSize":1,"tasks":[{"type":"ITEMS","completed":false,"count":1,"progress":[0]}]}},{"questId":"814522a6-971c-4b62-a61c-0e0cd03343ac","questData":{"players":1,"rewards":[false],"completed":false,"claimed":false,"available":true,"time":0,"tasksSize":1,"tasks":[{"type":"ITEMS","completed":false,"count":1,"progress":[0]}]}},{"questId":"be952bff-57c7-4e42-aae1-574ba62c4147","questData":{"players":1,"rewards":[false],"completed":false,"claimed":false,"available":true,"time":0,"tasksSize":1,"tasks":[{"type":"ITEMS","completed":false,"count":1,"progress":[0]}]}},{"questId":"8e44f02f-5797-420e-a31d-9361b6048ec8","questData":{"players":1,"rewards":[true],"completed":true,"claimed":false,"available":false,"time":651,"tasksSize":1,"tasks":[{"type":"ITEMS","completed":true,"count":1,"progress":[1]}]}},{"questId":"ac1e143d-1c69-4ae6-b815-a0518ae50955","questData":{"players":1,"rewards":[false],"completed":false,"claimed":false,"available":true,"time":0,"tasksSize":1,"tasks":[{"type":"ITEMS","completed":false,"count":1,"progress":[0]}]}},{"questId":"c309d96c-c5bf-4bd1-81b8-8404695fd739","questData":{"players":1,"rewards":[false],"completed":false,"claimed":false,"available":true,"time":0,"tasksSize":1,"tasks":[{"type":"ITEMS","completed":false,"count":1,"progress":[0]}]}},{"questId":"e1376ee4-316f-40be-b029-09325a51ef32","questData":{"players":1,"rewards":[false],"completed":false,"claimed":false,"available":true,"time":0,"tasksSize":1,"tasks":[{"type":"ITEMS","completed":false,"count":1,"progress":[0]}]}},{"questId":"e068b0cb-2444-4a79-a607-c53f0d87fecf","questData":{"players":1,"rewards":[false],"completed":false,"claimed":false,"available":true,"time":0,"tasksSize":1,"tasks":[{"type":"ITEMS","completed":false,"count":1,"progress":[0]}]}},{"questId":"dcafdb9d-a51b-4e90-b8ed-009c78baa8ed","questData":{"players":1,"rewards":[false],"completed":false,"claimed":false,"available":true,"time":0,"tasksSize":1,"tasks":[{"type":"ITEMS","completed":false,"count":1,"progress":[0]}]}},{"questId":"86dc881b-0be8-4756-aa61-77ba313c5ee7","questData":{"players":1,"rewards":[false],"completed":false,"claimed":false,"available":true,"time":0,"tasksSize":1,"tasks":[{"type":"ITEMS","completed":false,"count":1,"progress":[0]}]}},{"questId":"802ef94a-ab0c-4527-be00-845b558a2bae","questData":{"players":1,"rewards":[false],"completed":false,"claimed":false,"available":true,"time":0,"tasksSize":1,"tasks":[{"type":"ITEMS","completed":false,"count":1,"progress":[0]}]}},{"questId":"872044b5-81a2-4275-a5ba-bafa5ebe4f59","questData":{"players":1,"rewards":[false],"completed":false,"claimed":false,"available":true,"time":0,"tasksSize":1,"tasks":[{"type":"ITEMS","completed":false,"count":1,"progress":[0]}]}},{"questId":"2397e01a-ec28-4515-ab8f-2a7db6ae2ce0","questData":{"players":1,"rewards":[true],"completed":true,"claimed":false,"available":false,"time":651,"tasksSize":1,"tasks":[{"type":"ITEMS","completed":true,"count":1,"progress":[1]}]}},{"questId":"7b1bdd75-4ac9-487e-ba3a-583311094702","questData":{"players":1,"rewards":[false],"completed":false,"claimed":false,"available":true,"time":0,"tasksSize":1,"tasks":[{"type":"ITEMS","completed":false,"count":1,"progress":[0]}]}},{"questId":"c30ceb51-8f65-4802-9aac-fa32bb0d5841","questData":{"players":1,"rewards":[true],"completed":true,"claimed":false,"available":false,"time":4,"tasksSize":1,"tasks":[{"type":"ITEMS","completed":true,"count":1,"progress":[16]}]}},{"questId":"36b0d243-4846-457e-b7f4-059e9463fb4b","questData":{"players":1,"rewards":[false],"completed":false,"claimed":false,"available":true,"time":0,"tasksSize":1,"tasks":[{"type":"ITEMS","completed":false,"count":1,"progress":[0]}]}},{"questId":"b342e29a-03a3-4704-93b9-f58998680547","questData":{"players":1,"rewards":[false],"completed":false,"claimed":false,"available":true,"time":0,"tasksSize":1,"tasks":[{"type":"ITEMS","completed":false,"count":1,"progress":[0]}]}},{"questId":"22d466df-472d-46e7-b2f5-52bcd6d1be6f","questData":{"players":1,"rewards":[true],"completed":true,"claimed":false,"available":false,"time":155,"tasksSize":1,"tasks":[{"type":"ITEMS","completed":true,"count":1,"progress":[1]}]}},{"questId":"05ea482e-1188-4b30-8d79-832e0884f5af","questData":{"players":1,"rewards":[true],"completed":true,"claimed":false,"available":false,"time":651,"tasksSize":1,"tasks":[{"type":"ITEMS","completed":true,"count":1,"progress":[1]}]}},{"questId":"388751fc-4f04-4cb3-9233-cb531aa236bf","questData":{"players":1,"rewards":[false],"completed":false,"claimed":false,"available":true,"time":0,"tasksSize":1,"tasks":[{"type":"ITEMS","completed":false,"count":3,"progress":[0,0,0]}]}},{"questId":"bd8ef8dc-9367-470a-a5f2-3045067e0ae7","questData":{"players":1,"rewards":[false],"completed":false,"claimed":false,"available":true,"time":0,"tasksSize":1,"tasks":[{"type":"ITEMS","completed":false,"count":2,"progress":[0,0]}]}},{"questId":"d28ed1b8-cf4a-43b8-b062-dfc4221e9fff","questData":{"players":1,"rewards":[false],"completed":false,"claimed":false,"available":true,"time":0,"tasksSize":1,"tasks":[{"type":"ITEMS","completed":false,"count":1,"progress":[0]}]}},{"questId":"41d0a7f4-5b7d-4191-b544-22e58ba3fc1e","questData":{"players":1,"rewards":[false],"completed":false,"claimed":false,"available":true,"time":0,"tasksSize":1,"tasks":[{"type":"ITEMS","completed":false,"count":1,"progress":[0]}]}},{"questId":"1c7b755a-3406-442b-9614-ec1a46434bcc","questData":{"players":1,"rewards":[false],"completed":false,"claimed":false,"available":true,"time":0,"tasksSize":1,"tasks":[{"type":"ITEMS","completed":false,"count":1,"progress":[0]}]}},{"questId":"1c0daca7-f2fc-412e-be7e-5411f0c86661","questData":{"players":1,"rewards":[false],"completed":false,"claimed":false,"available":true,"time":0,"tasksSize":1,"tasks":[{"type":"ITEMS","completed":false,"count":1,"progress":[0]}]}},{"questId":"7473cf8f-0cd3-4908-863e-cda0dd5a9cf8","questData":{"players":1,"rewards":[false],"completed":false,"claimed":false,"available":true,"time":0,"tasksSize":1,"tasks":[{"type":"ITEMS","completed":false,"count":1,"progress":[0]}]}},{"questId":"fe6e47aa-b6e6-4533-883b-98ea8f594b40","questData":{"players":1,"rewards":[false],"completed":false,"claimed":false,"available":true,"time":0,"tasksSize":1,"tasks":[{"type":"ITEMS","completed":false,"count":1,"progress":[0]}]}},{"questId":"02dcf0f3-d66a-4b01-bb43-77d30cfbc8ae","questData":{"players":1,"rewards":[true],"completed":true,"claimed":false,"available":false,"time":16,"tasksSize":1,"tasks":[{"type":"ITEMS","completed":true,"count":1,"progress":[16]}]}},{"questId":"9687d0a1-616b-4ffd-97e8-967c31feee7c","questData":{"players":1,"rewards":[false],"completed":false,"claimed":false,"available":true,"time":0,"tasksSize":1,"tasks":[{"type":"ITEMS","completed":false,"count":2,"progress":[0,0]}]}},{"questId":"47864566-a313-4020-9d1d-4ca4b106a42c","questData":{"players":1,"rewards":[true],"completed":true,"claimed":false,"available":false,"time":23,"tasksSize":1,"tasks":[{"type":"ITEMS","completed":true,"count":4,"progress":[1,1,1,1]}]}},{"questId":"723cfb30-92b6-4a69-ae92-0b4b38d401b4","questData":{"players":1,"rewards":[true],"completed":true,"claimed":false,"available":false,"time":651,"tasksSize":1,"tasks":[{"type":"ITEMS","completed":true,"count":1,"progress":[1]}]}},{"questId":"8701fc01-9470-45a5-a581-d30b98bff09e","questData":{"players":1,"rewards":[false],"completed":false,"claimed":false,"available":true,"time":0,"tasksSize":1,"tasks":[{"type":"ITEMS","completed":false,"count":1,"progress":[0]}]}},{"questId":"57ba5fb9-c2da-4c0a-8c56-2544d58677e9","questData":{"players":1,"rewards":[false],"completed":false,"claimed":false,"available":true,"time":0,"tasksSize":0,"tasks":[]}},{"questId":"91f6adc9-49ef-4b7f-8ff0-150babddf96d","questData":{"players":1,"rewards":[false],"completed":false,"claimed":false,"available":true,"time":0,"tasksSize":1,"tasks":[{"type":"ITEMS","completed":false,"count":1,"progress":[0]}]}},{"questId":"3202fc45-f64e-4829-960d-bec9c2a94c42","questData":{"players":1,"rewards":[false],"completed":false,"claimed":false,"available":true,"time":0,"tasksSize":1,"tasks":[{"type":"ITEMS","completed":false,"count":1,"progress":[0]}]}},{"questId":"231bb5d9-1fe2-4395-8447-7576d4937f26","questData":{"players":1,"rewards":[false],"completed":false,"claimed":false,"available":true,"time":0,"tasksSize":1,"tasks":[{"type":"ITEMS","completed":false,"count":3,"progress":[1,0,64]}]}},{"questId":"9a1085c0-0ece-4489-bc64-73a6f53fd0b5","questData":{"players":1,"rewards":[false],"completed":false,"claimed":false,"available":true,"time":0,"tasksSize":1,"tasks":[{"type":"ITEMS","completed":false,"count":1,"progress":[0]}]}},{"questId":"982cd719-0004-4145-b821-9d9f62f6ee3f","questData":{"players":1,"rewards":[false],"completed":false,"claimed":false,"available":true,"time":0,"tasksSize":1,"tasks":[{"type":"ITEMS","completed":false,"count":1,"progress":[0]}]}},{"questId":"159ca915-9517-40fd-a1ea-169e6a32de99","questData":{"players":1,"rewards":[false],"completed":false,"claimed":false,"available":true,"time":0,"tasksSize":1,"tasks":[{"type":"ITEMS","completed":false,"count":1,"progress":[0]}]}},{"questId":"1a4f8ea5-87a1-48a5-85b0-2df91de356bf","questData":{"players":1,"rewards":[false],"completed":false,"claimed":false,"available":true,"time":0,"tasksSize":1,"tasks":[{"type":"ITEMS","completed":false,"count":1,"progress":[0]}]}},{"questId":"51606c31-91d2-4af7-bc14-d62c5e42d7be","questData":{"players":1,"rewards":[false],"completed":false,"claimed":false,"available":true,"time":0,"tasksSize":1,"tasks":[{"type":"ITEMS","completed":false,"count":1,"progress":[0]}]}},{"questId":"bfc0a370-1ddb-4db5-870b-124ec2b0ee6f","questData":{"players":1,"rewards":[false],"completed":false,"claimed":false,"available":true,"time":0,"tasksSize":1,"tasks":[{"type":"ITEMS","completed":false,"count":3,"progress":[4,0,0]}]}},{"questId":"a1ee8e89-eda7-4ddc-a721-f2443acf55df","questData":{"players":1,"rewards":[false],"completed":false,"claimed":false,"available":true,"time":0,"tasksSize":1,"tasks":[{"type":"ITEMS","completed":false,"count":1,"progress":[0]}]}},{"questId":"2c041012-ddea-48b7-9344-f327ea34fab0","questData":{"players":1,"rewards":[false],"completed":false,"claimed":false,"available":true,"time":0,"tasksSize":1,"tasks":[{"type":"ITEMS","completed":false,"count":1,"progress":[0]}]}},{"questId":"ee5aa852-7628-4374-9f97-a439aea6327d","questData":{"players":1,"rewards":[false],"completed":false,"claimed":false,"available":true,"time":0,"tasksSize":1,"tasks":[{"type":"ITEMS","completed":false,"count":1,"progress":[0]}]}},{"questId":"80c50b37-be73-40ec-8a5b-cc7273984b18","questData":{"players":1,"rewards":[false],"completed":false,"claimed":false,"available":true,"time":0,"tasksSize":1,"tasks":[{"type":"ITEMS","completed":false,"count":1,"progress":[0]}]}}],"invites":[]},"selectedQuest":"814486f7-67d9-4d12-b35e-14b53c1b4dfa","playedLore":false,"receivedBook":false,"groupData":{"a630fbdd-49b4-4f37-b0dc-5b930ba9bf61":0,"843fd3cf-6db7-49d0-a58d-2fc46812c204":0,"e6577bfe-82e6-405c-8381-db195ba8b199":0,"45788ce7-fc7c-4b19-82df-8d91125e0acb":0,"954dd5ea-ca97-4ff1-9632-8b0ece3670d2":0,"321c85e6-1f78-4fcf-af12-304133858614":0,"57f73fdf-257d-4878-b571-dbef52d2a4f1":0,"fbb2b980-8b68-4317-8f8f-6b03ca3437a3":0,"e545b5f2-9072-4ae6-9e47-5e77dddc79cd":0,"564ce4bb-830e-4de6-be86-9c8d0fbc0d71":0,"7bf71d39-8d88-4f3a-8941-0955aa283fb2":0,"add362b6-a44b-4651-938d-9ebd7d0d9b36":0,"9b57cd0b-17de-47ee-8c16-5a114dd879d9":0,"2afc95e6-eaae-44d7-8540-057708810ecb":0,"c13a01a6-a2d1-421f-9474-52f8e4990afb":0,"91c64d70-0ead-45f0-bbdd-f16f1a200d44":0,"2b64f74f-4d59-47f2-920a-bf4a66fe2d84":0,"3adc2936-ad11-4f88-ad51-58e39b9153d0":0,"905bb7e0-60e1-4d67-9985-290ff72856c5":0,"f8847691-729c-4457-a89c-886e633a2760":0,"f8275351-9cd9-4d40-80f2-5a5c222ad9ac":0,"d244fd1d-fec1-4b03-b47c-c39b56476faa":0,"ea1fe0b9-4959-46e4-8fc9-96113075fa1a":0,"60deacc1-0a10-4395-bfc8-7fcf6cc2f88e":0,"8e4fe244-a6b0-437a-b924-066d1b67550f":0,"e1fdf37e-a32a-42c6-aa3d-18f7a9914652":0,"be626091-2756-4bee-a81f-28893c852ee2":0,"21afa568-ed50-4243-9e40-c9395aa479f1":0,"1e27e7e3-64d9-4ef6-a0df-75f8323959c6":0,"e80436e5-15da-40f0-853a-5cbcc0d681bf":0,"989ba667-3ee7-4109-a182-a96fe08a3698":0,"8637c6c6-cb68-4a00-a1d6-e3c31b84ac61":0,"eb592047-19e4-458c-b83b-029038ba043d":0,"503bf44a-74b0-43b1-af85-290f0585dac3":0,"1dbd3eab-6307-438a-98ee-5600d4a92d48":0,"ded0b7a2-2616-4b66-b10b-6aa28caa9f78":0,"146c2ba8-ee1d-45f7-8280-2c64503e5ade":0,"85a4e611-5ed4-468f-9564-85038d2d81de":0},"deaths":{"10755ea6-9721-467a-8b5c-92adf689072c":[0,0,1,0,0,0,0,5,0,0,2,0,0,0,1]}}]