[
  {
    "uuid": "10755ea6-9721-467a-8b5c-92adf689072c",
    "name": "Darkosto",
    "lives": 1,
    "team": {
      "id": -1,
      "lifeSetting": "SHARE",
      "rewardSetting": "ALL",
      "players": [
        {
          "uuid": "10755ea6-9721-467a-8b5c-92adf689072c",
          "owner": true,
          "bookOpen": true,
          "inTeam": true
        }
      ],
      "reputations": [],
      "questDataList": [],
      "invites": []
    },
    "playedLore": false,
    "receivedBook": false,
    "groupData": {},
    "deaths": {
      "10755ea6-9721-467a-8b5c-92adf689072c": [
        0,
        0,
        0,
        0,
        0,
        0,
        0,
        0,
        0,
        0,
        0,
        0,
        0,
        0,
        0
      ]
    }
  }
]